alpha_deg;Cl
-5.0;-0.46007
-4.31;-0.3969
-3.621;-0.30532
-2.931;-0.21195
-2.241;-0.17123
-1.552;-0.09537
-0.862;0.01676
-0.172;0.07638
0.517;0.12751
1.207;0.22361
1.897;0.27935
2.586;0.35517
3.276;0.44518
3.966;0.47794
4.655;0.55757
5.345;0.65669
6.034;0.72354
6.724;0.82594
7.414;0.87736
8.103;0.94313
8.793;1.07655
9.483;1.11859
10.172;1.20032
10.862;1.24633
11.552;1.3398
12.241;1.42877
12.931;1.47939
13.621;1.58579
14.31;1.64213
15.0;1.72417
